NH,CT,SC,DC,UT,MD,IL,NY,WY,KY
1.0,0.11267596444376526,1.0,0.0,0.9582040925807855,1.0,0.6878638150021381,0.827157999056815,0.0,0.11267596444376526
0.46130077888254556,0.7821706939353193,0.6035593638988443,0.9646833559438426,0.6699992942719951,0.6273142192097232,0.7054240156069487,0.6869792750603542,0.9646833559438426,0.7821706939353193
AR,OK,MD,HI,KY,MN,PA,WV,IL,MA
0.0,0.0,0.05393459629736119,0.0,0.0,0.0,1.0,0.0,0.09465335835935856,0.0
0.8707386639514849,0.9613416298224784,0.626971319418861,0.8808754253035314,0.9613416298224784,0.7327025113882939,0.044243210528316576,0.8808754253035314,0.6176701098580751,0.8088614914354981
ME,SD,WI,OK,TN,HI,OH,VA,WY,AZ
1.0,0.0,0.0,0.0,1.0,0.0,0.0,1.0,0.0,0.0
0.46517508094356713,0.9372956098822784,0.9296331451269481,0.9296331451269481,0.5367454717270507,0.8106826528552245,0.8334321965803354,0.29326503295517187,0.9372956098822784,0.8592963684950645
WV,KY,VA,AR,MN,HI,IA,SD,IL,MD
0.0,0.0,0.0,0.0,0.0,0.0,1.0,0.0,0.0,0.0
0.864678080675506,0.9408901783238861,0.7848867253788943,0.8172410798818583,0.9527416347567367,0.864678080675506,0.14578097569483234,0.8062302245231004,0.6804264181460198,0.9527416347567367
KS,SD,VT,AL,VA,ME,NE,NC,HI,CA
0.0,0.36068744115041085,0.0,0.0,1.0,0.19610746489237485,0.5971910133499824,1.0,0.0,1.0
0.8704458113224827,0.835763645788503,0.9311206098345108,0.9311206098345108,0.7732178268410052,0.8501041169497076,0.8149174201997936,0.7732178268410052,0.8704458113224827,0.6469766952558917
KS,WY,OK,MS,MT,NC,UT,CO,DE,MN
0.991726756056863,0.0,0.991726756056863,1.0,1.0,0.8711984195430192,1.0,0.8711984195430192,0.0,1.0
0.9125154008166421,0.951804627986306,0.9125154008166421,0.8933707115848174,0.879349184254103,0.9165708501327345,0.8590124925535558,0.9165708501327345,0.951804627986306,0.9079681082438288
DE,WA,IN,MO,NC,WI,MD,AK,ID,OH
0.6719835159497444,0.0,0.9856055280893473,0.8969588702965774,0.0,0.0,1.0,0.6719835159497444,1.0,0.0
0.7983356676000202,0.8785258307827187,0.7700373503559661,0.7778804047820419,0.957724979144254,0.8875568535413939,0.7124921774421887,0.7983356676000202,0.6285357007801904,0.957724979144254
OR,NY,GA,ID,CA,WA,MS,LA,KS,OH
0.0,1.0,0.23474081603942198,1.0,1.0,0.0,0.0,0.0,0.0,1.0
0.8523278603035195,0.6290242215234326,0.8154210022225916,0.574772654931871,0.6911086942337167,0.8736344902456605,0.8712111806758737,0.9185923332839458,0.9185923332839458,0.6754766733083049
TX,IL,WA,DE,OK,ND,IA,ID,LA,MD
0.0,0.0,1.0,0.0,0.0,0.0,1.0,0.0,0.0,0.0
0.8024700011623478,0.6674392933051967,0.4204689868698321,0.795793690840972,0.8545529544098069,0.8874059043795988,0.10621790186125188,0.8874059043795988,0.8545529544098069,0.851744355220381
ME,HI,NY,OR,MO,NJ,WI,VA,ID,ND
0.0,0.0,1.0,0.2341882671782758,0.0,0.3841005544175363,0.0,0.0,0.0,0.0
0.9270351083738156,0.7340541611752357,0.005436947082175688,0.5684236888435151,0.8808002178177823,0.5315035855898806,0.8808002178177823,0.8749263302009176,0.9270351083738156,0.8934477712554375
ND,DE,SD,WV,IN,AZ,KS,RI,ID,AL
0.9452055269406301,0.0,0.41108197127566076,0.0,0.8548246823288526,1.0,0.5596142005856067,0.0,0.9452055269406301,0.0
0.8316904127423704,0.912223164585534,0.8680623644864724,0.912223164585534,0.8376859585693518,0.7238557085532437,0.8578135423808466,0.9705879712995849,0.8316904127423704,0.9705879712995849
VT,CT,AK,NE,MA,WA,KS,PA,WV,KY
0.0,1.0,0.0,1.0,0.0,0.2845997379625764,0.0,1.0,0.0,0.0
0.9018212807436816,0.6182842978576205,0.9018212807436816,0.6454589714103747,0.9044143330842062,0.8296184552514049,0.9434857308365849,0.6334086356763644,0.8776865939297851,0.9434857308365849
RI,DE,NH,IA,KS,AR,MN,NM,NY,LA
0.0,0.0,0.0,1.0,0.0,0.0,0.0,0.0,0.5910577111335951,0.33338461987520907
0.8760781187657022,0.8760781187657022,0.7772785047928596,0.32961673422797116,0.8994597858736625,0.8994597858736625,0.8779803044951872,0.8988148015984083,0.6495580115860543,0.6926679873996157
CT,KS,IN,DE,CA,MD,VT,MI,VA,WV
1.0,0.0,0.0,0.0,1.0,0.0,0.0,0.0,0.0,0.0
0.5403421543163228,0.8588832010690183,0.8588832010690183,0.9536247940935516,0.6169352162485476,0.8668050922406624,0.9536247940935516,0.846311738414347,0.8668050922406624,0.9087391817649587
AZ,AK,NJ,RI,CO,NE,PA,HI,SD,MT
0.0,0.0,1.0,0.0,0.0,1.0,0.0,0.0,0.0,0.0
0.8476436631323663,0.9433897911717013,0.3383894410850747,0.9433897911717013,0.8476436631323663,0.5497265287839993,0.7561824380955858,0.8798043178155929,0.8874685289824588,0.8874685289824588
MS,KS,WI,AK,TX,AL,DC,OR,SC,MI
0.16365847171837766,0.0,0.0,0.0,1.0,0.0,0.0,0.8092652421794491,0.0,0.0
0.8520676704691931,0.9398762253800039,0.9530958315964121,0.8898626223467366,0.6449894777418086,0.958076675429486,0.8807349883755886,0.7952633354912794,0.9530958315964121,0.958076675429486
HI,IL,WV,MA,GA,ME,UT,NJ,MS,VT
0.0,0.0,0.0,0.0,0.0,0.0,0.0,1.0,0.0,0.0
0.9023533702616126,0.9291771963396064,0.9159643397192306,0.9291771963396064,0.7995005217517133,0.8169648249777357,0.9023533702616126,0.30227132555093533,0.8034250518916832,0.9159643397192306
NC,SC,ND,RI,DC,IA,ME,WA,MA,AK
0.0,0.1437872982423145,0.0,0.0,0.0,1.0,0.0,1.0,0.0,0.0
0.9370305968787228,0.7393043839288829,0.8723464741021387,0.9505795746323823,0.8850565770378078,0.4884340864963749,0.8723464741021387,0.36705418477488566,0.9370305968787228,0.9505795746323823
NE,OH,TN,MD,NY,UT,HI,MO,KY,CO
0.9645165916547129,0.0,0.0,1.0,1.0,0.0,0.34916103277562993,0.0,0.0,0.0
0.679262939711278,0.8914203581938397,0.9684448059036386,0.4776993186193282,0.6119880338836393,0.821780812512782,0.7585082239921482,0.9684448059036386,0.963727414014589,0.9230166672950852
CA,IN,DC,OK,RI,DE,AR,PA,MN,HI
1.0,0.0,0.0,0.0,0.0,0.0,0.0,1.0,0.0,0.0
0.3109900425458109,0.8971780258653563,0.920678608637954,0.8660192961150731,0.8525353170169209,0.920678608637954,0.6724932091132367,0.05972727593145082,0.8971780258653563,0.8584434770861455
SD,HI,ID,FL,OR,ND,IL,DE,MN,AZ
0.0,1.0,0.0,0.8011199844632689,1.0,0.0,0.8011199844632689,0.0,1.0,0.9423136642737242
0.875820503711584,0.7851559413657998,0.9011324283190943,0.8087479003149084,0.7148653798741893,0.9011324283190943,0.8087479003149084,0.875820503711584,0.6672234541003059,0.7974022470877195
SD,MT,OH,IA,IL,AK,ME,WY,HI,ID
0.0,0.0,0.0,1.0,0.0,0.0,0.0,0.0,0.0,0.0
0.9083658436374491,0.8613215962772257,0.8222349699892164,0.29984063760723706,0.8222349699892164,0.8283338885790739,0.879046865290133,0.9083658436374491,0.855662702506294,0.879046865290133
VA,CT,TN,WA,MT,MN,NM,MO,NH,AR
1.0,0.0,0.0,1.0,0.0,0.0,0.0,0.0,0.07598874514153892,0.0
0.46348307321148874,0.8723141835437979,0.8818503321281682,0.26759221894281915,0.874802203618948,0.8818503321281682,0.8778085902853234,0.8264926649126798,0.7102907617533547,0.8778085902853234
NM,MO,SC,RI,AL,MI,ND,CA,CT,DC
0.0,0.0,0.0,0.0,0.0,0.0,1.0,1.0,0.0,0.0
0.798864902310348,0.9294631742502958,0.8865029296961193,0.9676038756329448,0.9676038756329448,0.9632148330469655,0.6129088732660078,0.38962226321458726,0.9294631742502958,0.8437470911702963
NH,WV,KS,OR,WI,AR,CT,NE,ND,NJ
0.38675215088880155,0.0,0.0,0.09317135785789055,0.0,0.0,0.06056459436403977,0.0,0.0,1.0
0.7322036806262069,0.8003344567744246,0.9470246517752093,0.7731041736413535,0.9470246517752093,0.9273288122718619,0.7775307245694848,0.8942384661169582,0.8942384661169582,0.4322960472996278
DE,OR,KY,IN,VT,OK,AR,CT,MN,WI
0.5555025784057006,1.0,0.0,0.0,0.5555025784057006,0.0,1.0,1.0,0.0,0.0
0.9388768047173461,0.9235303063569583,0.9653281657470492,0.9574854024290881,0.9388768047173461,0.9653281657470492,0.9235303063569583,0.8810536761464761,0.9563443401167934,0.9622207635475878
IN,MD,OK,WA,KY,NC,DE,AL,HI,TN
0.0,0.727307859729905,0.0,1.0,0.0,0.0,0.0,0.15167833727714553,0.0,0.3533564924908734
0.9226103746520488,0.7876582610203804,0.9409285749111826,0.6184908041449423,0.9409285749111826,0.9221779358880319,0.8997209472418396,0.8421355110629816,0.8997209472418396,0.8232068534006208
NJ,ID,NC,HI,ND,IN,TN,CT,NH,CO
1.0,0.0,0.0,0.0,0.0,0.0,0.0,0.0,0.0,0.0
0.07903629970386906,0.8769522231623051,0.896947102024086,0.9058928922728372,0.8769522231623051,0.9462935310974897,0.6861055122437056,0.816884617605508,0.9058928922728372,0.9462935310974897
MN,AR,MA,VA,OK,KY,KS,VT,AZ,MD
0.0,0.11753517990732798,0.44736069927289057,0.4351513157354905,0.0,0.0,0.0,1.0,1.0,1.0
0.8669259684613991,0.8448681418455501,0.8137636740455572,0.8149303038236,0.9709629747555875,0.9709629747555875,0.903470948054931,0.7070494450007264,0.6856226690803771,0.6174613898236552
AK,AZ,GA,SC,OR,TX,NH,ND,WA,AL
0.0,0.0,0.0,0.0,1.0,0.0,1.0,1.0,1.0,0.0
0.938679981088989,0.919442935875481,0.918005184483319,0.919442935875481,0.7359602974335485,0.918005184483319,0.7566766105518439,0.6666460615874668,0.7666146493315809,0.938679981088989
AR,MA,CO,PA,DE,DC,LA,RI,WA,UT
1.0,0.0,0.0,1.0,0.16627259877375783,0.16627259877375783,1.0,1.0,1.0,0.964038686066911
0.8155721255532214,0.9493709316886194,0.9493709316886194,0.7716746047913906,0.9047120571934071,0.9047120571934071,0.8431415463727382,0.8369223034176853,0.8148826735056163,0.8598146401055894
NC,GA,PA,MI,MD,NH,WI,KS,OK,TN
0.0,0.0,1.0,1.0,0.47391868732801923,1.0,0.0,0.0,0.0,1.0
0.940821768692514,0.940821768692514,0.8126095157334088,0.8197291258608851,0.8930870856750934,0.7833490610535795,0.9359833770303988,0.9262847616871496,0.9359833770303988,0.8059039119217886
OR,CA,SC,KY,FL,NH,CO,UT,NJ,WI
0.34060689926173005,1.0,0.31990509548596147,0.0,0.3363877409275345,1.0,0.0,0.8324402925480672,1.0,0.0
0.7815629581631305,0.5561976581687744,0.7840016988969545,0.9611214438185073,0.7820603316427317,0.5732350284482671,0.9368566146820574,0.7236037494998383,0.5253802392322737,0.9611214438185073
KY,SC,CT,KS,SD,RI,TX,MA,LA,NC
0.0,1.0,0.22570815845247472,0.0,0.0,0.0,0.0,0.0,0.3345363769770323,0.0
0.9623599377778057,0.43112602545427553,0.7543296356275431,0.9623599377778057,0.8208116988916104,0.8208116988916104,0.8363751217022622,0.953782915973089,0.7390414578871736,0.953782915973089
CT,AZ,UT,NE,MA,OK,OR,NC,WV,NJ
1.0,1.0,0.81295743609979,1.0,0.0,0.0,1.0,0.0,0.5087557167251651,1.0
0.6520625602018967,0.6718192866723836,0.7565747888233211,0.7250675550259428,0.9043093255561641,0.8561709332698811,0.665353600637337,0.9043093255561641,0.7883587830055866,0.5785625476992944
WA,WV,TX,CA,UT,OR,IN,GA,WI,ME
0.0,0.0,0.0,0.005648350688359616,0.0,0.0,0.0,1.0,0.0,0.38285920231598686
0.9419647754114278,0.8485380981999596,0.7572867500493873,0.7052021670045265,0.8485380981999596,0.9083422683174226,0.9419647754114278,0.2219002918031024,0.9375118568424311,0.633710930082777
ND,UT,IL,AK,VA,GA,ME,OK,MN,KY
0.19204189987338222,1.0,0.0,1.0,0.5595424454951434,0.0,0.19204189987338222,0.0,0.0,0.0
0.7748863513220346,0.46858682112308275,0.8224481380355941,0.6680101898631685,0.7263853367401958,0.9204236916496469,0.7748863513220346,0.976978294374979,0.9333278261240683,0.976978294374979
AZ,NC,KS,DC,MI,NY,TN,OK,AR,VA
1.0,0.15182008449514295,0.0,0.9488573038110781,0.5827157949857615,1.0,0.0,0.0,0.20404598995013223,0.32486774527687534
0.7064864395121176,0.8426486069728581,0.9386209583640195,0.767915317050093,0.8020227623204117,0.6197623925476596,0.946078715792653,0.946078715792653,0.8378108441208911,0.8264867425184501
OR,HI,WV,NC,PA,TN,IL,ID,OH,WA
0.0,0.0,0.0,0.0,0.0,0.0,1.0,0.8849123467517921,0.0,0.4919394442376731
0.8936483427999923,0.915800655614505,0.915800655614505,0.9421708427035163,0.7462098018341304,0.9069202047730505,0.1720816854723894,0.507341119458915,0.9421708427035163,0.5877092041382874
SC,AK,TN,PA,NE,UT,DC,AR,NJ,AZ
0.4110056685282413,0.0,0.11404641022613915,1.0,1.0,1.0,0.0,1.0,1.0,0.11404641022613915
0.8649046287335919,0.8984902088971184,0.8855674647087157,0.7961220619531121,0.7172353287130272,0.7204394900848596,0.8984902088971184,0.8154210719852304,0.7745636027103769,0.8855674647087157
OH,NY,WA,VT,DC,MS,AZ,AR,MO,IN
0.0,1.0,1.0,0.0,0.0,0.0,0.0,0.0,0.0,0.0
0.965642096125116,0.5476227195935716,0.5605487506639151,0.8737874152848899,0.8737874152848899,0.8893853063249114,0.965642096125116,0.8893853063249114,0.9652961802139755,0.9652961802139755
GA,LA,TX,MA,RI,IL,MI,WY,CT,CO
0.0,1.0,0.7360296137768662,0.0,0.0,1.0,0.0,0.3391754072225575,1.0,0.0
0.9269189354541573,0.6304602789329711,0.779217112443553,0.9398412982420727,0.9159932623211093,0.6509370866318764,0.9159932623211093,0.8182793244949635,0.6048522183959153,0.9398412982420727
SD,KY,MO,OR,TN,MS,MI,WI,RI,GA
1.0,0.0,0.18548492063597527,1.0,1.0,0.0,0.0,0.0,0.0,0.29435965851499424
0.771692317582422,0.968058875075468,0.8939046458370409,0.7485969787194839,0.7893316460397147,0.9174705101266228,0.9218493267626996,0.968058875075468,0.9218493267626996,0.8871777855165758
CO,OK,AZ,NJ,WI,PA,TX,GA,SD,HI
0.0,0.0,0.1916847517021622,1.0,0.0,1.0,0.0,0.0,0.0,0.0
0.9451366814372492,0.9449044539005317,0.8037123175351949,0.5895095830160437,0.9451366814372492,0.5365392613125841,0.8262154770653671,0.9183721945160629,0.8497708291891132,0.8497708291891132
GA,ID,SC,MA,KS,RI,OH,HI,MT,WV
1.0,1.0,0.0,0.0,0.0,0.9658998587020009,0.0,0.0,0.0,0.0
0.5966144941295414,0.5641520672750512,0.9549086678453224,0.9039150621852005,0.9549086678453224,0.7322094295016902,0.9025184247095163,0.8996333853293692,0.9278197876569377,0.9278197876569377
NC,AL,VT,MD,NY,FL,OK,DE,TN,SC
0.0,0.0,0.0,1.0,1.0,1.0,0.0,1.0,0.0,1.0
0.9433956370804485,0.9329772642912466,0.9329772642912466,0.7718945753312032,0.8352209095838456,0.8434860288849677,0.9555455426971988,0.829961369431836,0.9555455426971988,0.8426447695715188
DE,WA,MS,RI,FL,MI,TN,MO,OK,AK
0.0,1.0,0.0,0.0,1.0,0.0,1.0,0.0,0.0,0.0
0.8743721237493011,0.558000122635294,0.8608032052262501,0.9500744935193304,0.7006454931750778,0.8886128230432756,0.695035553713873,0.9589794429204518,0.9589794429204518,0.9500744935193304
PA,NC,NH,AR,FL,AZ,OR,TN,NJ,KS
1.0,0.0,0.9080781050304356,0.0,0.0,0.0,1.0,0.0,1.0,0.0
0.7280899450991298,0.9234085167421556,0.7689377282953738,0.9461445449798757,0.9234085167421556,0.8814066749253064,0.7537465674981535,0.9013061763564917,0.6152981984078754,0.9461445449798757
RI,OH,AR,MS,MO,MN,AZ,ND,NM,GA
1.0,0.0,0.2839782668701277,0.2839782668701277,1.0,1.0,0.0,1.0,0.3525017598427135,1.0
0.7707517053443526,0.9186329258871229,0.8719734609202536,0.8719734609202536,0.7130759653907769,0.8077462321202097,0.9186329258871229,0.7707517053443526,0.8670990402149116,0.7569116403996334
DC,SC,VA,IL,MN,KS,AK,AZ,ME,WA
0.0,0.0,0.22242396742720566,1.0,0.0,0.0,0.0,0.0,0.17434357643177872,1.0
0.900557500169147,0.9287384823435757,0.6830713289140414,0.2647487859791954,0.8259662713344651,0.9287384823435757,0.900557500169147,0.7951075012272116,0.6917107423362575,0.46268781007429344
NE,WV,ID,CO,ND,DC,MD,HI,WY,CA
0.0,0.0,0.0,0.7881706135988029,0.20515876456029047,0.0,1.0,0.0,0.0,0.9455183602302901
0.8962772209689017,0.8849553532465023,0.8962772209689017,0.7984456430786375,0.8494838384225819,0.9454900687443202,0.647353708048539,0.8706965911708101,0.9454900687443202,0.7850362864705456
CT,HI,NM,OH,VT,WI,NH,ME,VA,WY
0.0,0.0,0.0,0.0,0.0,0.0,1.0,0.0,1.0,0.0
0.8489198167949317,0.907348840513032,0.907348840513032,0.8787708813521564,0.886542587795692,0.8787708813521564,0.5715934754474696,0.886542587795692,0.7113377354104885,0.8511483450981129
DC,MA,ID,CT,RI,MS,NJ,TX,SD,MD
0.0,0.0,1.0,1.0,0.9586415903960726,1.0,1.0,0.0933821852119911,0.0,0.0
0.9184811964854274,0.8999850426537924,0.7013648046916403,0.7336440977931659,0.8170286424865715,0.7998374409284497,0.7925362265340432,0.880628529653528,0.9184811964854274,0.8999850426537924
WV,MS,IA,TN,DE,WY,IL,MT,SD,GA
0.0,0.0,1.0,0.0,0.0,0.0,1.0,0.0,0.0,0.5405453920433716
0.8970573923105135,0.7837283862479124,0.12507149875219684,0.7355570851101914,0.949178587708978,0.949178587708978,0.3384763032995122,0.9077583991892046,0.9174836922291472,0.5536683843459712
TN,MD,VA,NY,SD,CA,CO,KS,NJ,MA
0.0,0.0,0.0,0.6949219887152199,0.1785399900504422,0.2525643991051974,0.0,0.0,1.0,0.0
0.9185149751278233,0.8941577043485124,0.7719545398053994,0.632057814265318,0.7180824041381333,0.7059189979099728,0.9643794311608518,0.9034485227358637,0.32927861240869233,0.9643794311608518
WY,SD,NM,SC,DE,AK,LA,ND,MI,AR
0.0,0.0,0.0,1.0,0.0,0.17069075514777365,0.6310626121044906,0.6975168624668364,0.03628052213752031,0.0
0.9348066079981349,0.8779630328693839,0.8972733334818298,0.5804441728966732,0.9348066079981349,0.8244541901210067,0.7764947102312331,0.7695718407030756,0.8380078873795216,0.8972733334818298
MO,AK,OH,AL,KS,LA,ND,NE,PA,TX
0.0,0.0,0.0,0.0,0.0,0.45622101694278316,0.5413283353968193,0.24279066932437116,1.0,0.0
0.9276773775236644,0.8657160626610594,0.9276773775236644,0.8657160626610594,0.9043885950845024,0.7486986550989925,0.7377672357282158,0.7759363207994421,0.48615121776263553,0.8872768906239117
UT,PA,DE,CT,KY,MS,FL,DC,MN,AR
1.0,1.0,0.0,1.0,0.0,0.9443658053456216,1.0,0.0,0.0,0.959024102944939
0.765461451963865,0.7083357037816813,0.9083057526648828,0.8019369181417683,0.9661000322047372,0.8159628325640343,0.6979525302029485,0.9083057526648828,0.9661000322047372,0.8149105538367396
CT,ME,NM,MD,VA,ID,MT,VT,KY,DE
0.0,0.0,0.0,1.0,0.0,0.0,0.0,0.0,0.0,0.0
0.8710985601306211,0.8547704334835253,0.8689972266529,0.30275993856565325,0.8429983754636661,0.7893721111234124,0.9397761813560105,0.8771375325414571,0.8710985601306211,0.9397761813560105
ND,AZ,ME,OR,IA,TX,DC,MT,OK,MA
0.0,1.0,0.0,0.0,1.0,0.0,0.0,0.0,0.0,0.0
0.8438465251635436,0.4628740583076051,0.8438465251635436,0.8180054668184349,0.4785121900816017,0.8695171338638366,0.8947664348341209,0.8947664348341209,0.9185937706394328,0.9185937706394328
RI,TX,NH,NJ,WA,VA,AL,IL,GA,KY
0.0,0.0,0.9421449880783375,1.0,1.0,0.0,0.0,0.0,0.0,0.0
0.9648350247860845,0.9200206158022477,0.524943439107948,0.3735969145880247,0.21964527557694793,0.8221113883192801,0.9648350247860845,0.9200206158022477,0.8196969299497787,0.856410419969136
MN,ID,ND,TN,IL,NH,NJ,MD,AR,UT
0.0,0.0,0.0,0.0,0.0,1.0,0.0,0.0,0.0,0.0
0.9254752746071112,0.8506348925317159,0.8506348925317159,0.9254752746071112,0.878271763448496,0.5836147789340583,0.8475110267911165,0.923954147306647,0.8716176489964875,0.8716176489964875
MN,PA,AZ,CA,UT,WA,NC,MA,GA,KY
0.0,0.0,1.0,1.0,1.0,0.0,0.6919972059918769,0.0,0.0,0.0
0.9201039787287075,0.8918360322740526,0.7918122823637621,0.6736348028874964,0.7118683124529263,0.9541275334240018,0.8212000456206688,0.8959343339187087,0.9198289420471478,0.9541275334240018
RI,KS,WV,IN,IA,IL,WI,HI,WA,MT
0.0,0.0,0.0,0.0,1.0,0.3746829135795918,0.0,0.0,1.0,0.0
0.7144677041330209,0.9213760386269952,0.9198522701186613,0.9648566892201005,0.2732082401430884,0.5536429627592626,0.9648566892201005,0.8830740516530732,0.04769377230905942,0.9198522701186613
PA,GA,DC,AR,MS,NC,FL,AZ,IN,MA
0.0,0.0,1.0,0.0,0.0,1.0,0.25691695264047365,0.0,0.0,0.3050671118669682
0.9657868807514718,0.879277489835813,0.5949100349937717,0.8843754442638438,0.8486403250671269,0.6211146601995577,0.8219521353123274,0.9702868877014759,0.9702868877014759,0.8171340810171258
MO,WI,DC,VA,IL,ND,AZ,VT,MD,CA
0.0,0.0,0.0,0.0,0.11253690609696776,1.0,0.0,0.0,0.0,1.0
0.9553906340535836,0.9553906340535836,0.9246964521662445,0.9348754866697747,0.8694146965185898,0.6770313893012391,0.9348754866697747,0.9246964521662445,0.9039803935805198,0.6869358807450527
UT,AR,CT,KY,AL,NC,OK,HI,AK,RI
0.43836780149583005,0.45710761365042896,1.0,0.0,0.0,1.0,0.0,1.0,0.8887720172439699,0.0
0.9164939566869218,0.9156871994055639,0.8294864984743354,0.9625776931247033,0.9721390214415822,0.8820215225967385,0.9625776931247033,0.8276793432003359,0.897299119664008,0.9721390214415822
RI,WV,AZ,NC,VA,WY,NH,SC,DE,LA
0.0,0.0,0.0,0.0,0.0,0.0,1.0,0.0,0.0,0.0
0.8557041919480306,0.9516743322130213,0.8288741502207961,0.9454188153871808,0.9454188153871808,0.8829187175908036,0.3786725934838117,0.887094543387153,0.9516743322130213,0.887094543387153
CT,MO,MN,DE,VA,VT,IA,TN,WV,UT
0.0,0.0,0.0,0.0,0.0,0.0,1.0,0.0,0.0,0.0
0.7737666616851245,0.8479014173542684,0.8460243472133318,0.9423595946488837,0.7997943653161437,0.8601241327513366,0.3533028229004558,0.8479014173542684,0.9423595946488837,0.8874959514622622
IL,MI,AK,VT,MO,AZ,ID,CO,CT,MD
1.0,0.0,0.0,0.0,0.0,0.0,0.05083078212774039,0.0,0.13129441832408678,1.0
0.5814281132202269,0.926440284856816,0.7918826438953203,0.926440284856816,0.9705048880428213,0.8222550572316256,0.7655482132242454,0.9705048880428213,0.7539353934518591,0.3981599655246252
UT,WY,KY,RI,AR,KS,WV,MA,MT,PA
0.0,0.0,0.0,0.1570612709504452,0.0,0.0,0.0,0.0,0.0,1.0
0.9095974778730498,0.8853912133583907,0.9475492488333677,0.7821708195625615,0.940172053943361,0.9475492488333677,0.9053141423234036,0.9459995999201765,0.8601964236008832,0.47523155009100887
ME,RI,AK,DE,IN,NE,PA,IA,CA,MO
0.0,0.0,0.0,0.0,0.0,0.3372197722320731,0.0,1.0,0.36471505951100697,0.0
0.8550501248897743,0.9390778361652035,0.9390778361652035,0.7759398678738189,0.9429985854859947,0.7034644635845755,0.8520192132232217,0.35450795680544966,0.6990520809349565,0.9429985854859947
OH,ND,IL,NJ,WA,IA,IN,LA,AK,WV
0.0,0.0,0.0,1.0,0.7461335281446932,1.0,0.0,0.4277154373673329,0.0,0.0
0.9289622099982514,0.6856864291210631,0.6441953827846123,0.04973465713692604,0.46668771046519386,0.23208503101204367,0.9289622099982514,0.542032233923877,0.7979422300027742,0.7979422300027742
VA,KY,WI,MN,ID,CO,NJ,RI,SC,MD
0.0,0.0,0.0,0.0,0.013555379416192948,0.0,1.0,0.013555379416192948,0.0,0.9556300128570426
0.7496315941491722,0.9667692626240783,0.9667692626240783,0.9472314290725005,0.6869879951689742,0.9472314290725005,0.17786676343729213,0.6869879951689742,0.8219136478474064,0.4968733821554272
RI,GA,MT,WY,NC,AK,HI,CA,OH,FL
0.0,0.0,0.0,0.0,0.0,0.0,0.0,0.0,0.0,1.0
0.8900003281752912,0.9059112134452041,0.937154264069302,0.8589273242932405,0.9200299301020718,0.8900003281752912,0.937154264069302,0.8097365623151728,0.9200299301020718,0.03167311875582848
MT,ID,MA,MS,SC,PA,WV,VT,DC,CA
0.0,0.3690094990868229,0.4342261478106555,0.0,0.0,1.0,0.0,0.0,0.0,1.0
0.9394402553855405,0.6543970555125589,0.6423690867753933,0.8888086216100932,0.8888086216100932,0.34399136882208303,0.8807577131554017,0.8900697222359091,0.9394402553855405,0.26042457606688235
VA,AZ,MO,FL,NE,DC,MD,ND,MI,DE
0.0,0.0,0.0,0.9270783952968873,0.2165194057740411,0.0,0.3106923105840096,1.0,0.0,0.0
0.8905498634014617,0.9191931313571775,0.9191931313571775,0.538436884858319,0.672346741306677,0.9069027125143376,0.6546421722113159,0.23730738323765188,0.8605109096883227,0.9069027125143376
OR,MA,DE,OK,WI,MN,SC,VT,VA,IL
1.0,0.0,0.0,0.0,0.0,0.0,0.0,0.0,0.0,0.22638514522228398
0.7800416579104776,0.9522890033146872,0.9308814526038075,0.9532948823704708,0.9677027997348391,0.9268932709635097,0.9677027997348391,0.9308814526038075,0.9509474832922586,0.9049736257324814
HI,ND,DE,MI,AL,OH,TX,ID,MT,MA
1.0,1.0,0.0,0.0,0.0,0.11155147303729285,1.0,1.0,0.0,0.11155147303729285
0.8787136968469268,0.9039727271242401,0.9476597202664022,0.9653953105429697,0.9653953105429697,0.9397420978717456,0.8508803074241215,0.9039727271242401,0.9476597202664022,0.9397420978717456
PA,MO,AR,IA,RI,GA,CO,MA,SC,WY
0.0,0.0,0.0,1.0,0.0,0.0,0.0,0.0,0.0,0.0
0.9539993392517971,0.979721602644466,0.8863103386534298,0.28496441539412043,0.8311796367081732,0.9713397155928685,0.979721602644466,0.8880685441740928,0.8604755073618107,0.8332547719991852
OH,IA,WA,LA,NE,DE,KS,NM,ND,MO
0.0,1.0,0.811930914682688,0.0,0.0,0.0,0.0,0.0,0.0,0.0
0.9296455747947804,0.2065470144927276,0.541894757091355,0.91113597862901,0.7725964375464269,0.9223585665246637,0.9223585665246637,0.9204923222975493,0.7638632904517711,0.9296455747947804
WY,RI,MI,KS,MA,VT,NJ,SD,ID,ME
0.0,0.0,0.0,0.0,0.0,0.0,1.0,0.0,0.2900757745728638,0.057292854593216314
0.9204024427461432,0.9085686351504693,0.9085686351504693,0.923140793126534,0.923140793126534,0.949904315678949,0.6483943215365615,0.949904315678949,0.8425823309822786,0.8624883903864344
ID,MS,NY,DC,NJ,CO,SD,ME,MI,GA
0.0,0.0,0.0,0.0,1.0,0.0,0.0,0.0,0.0,0.0
0.881684189664771,0.8097530009520205,0.7391776431797039,0.9208190682348016,0.13227808567138769,0.9259549831173931,0.9208190682348016,0.881684189664771,0.8406807106632697,0.9259549831173931
WA,HI,NJ,ID,TN,MN,GA,MA,IN,SC
0.0,0.0,1.0,1.0,0.0,0.0,0.0,0.0,0.0,0.0
0.8112557431455165,0.8220830958130392,0.392329587934292,0.5067173052197164,0.9447747022417115,0.8894473423907029,0.9343837893923301,0.973013702944272,0.973013702944272,0.8764883575418003
MT,ME,ND,WI,IL,AL,FL,PA,DC,NE
0.0,0.0,0.0,0.0,1.0,0.0,0.49305361438810275,0.0,0.0,0.0
0.8829070175202877,0.8859089159548595,0.8814046764114362,0.8974585173286991,0.6128327732494718,0.8859089159548595,0.8070887371345259,0.8974585173286991,0.8829070175202877,0.8814046764114362
IA,ND,NH,RI,MI,IL,LA,MO,ID,GA
1.0,0.0,1.0,0.0,0.0,0.0,0.0,0.0,0.0,0.0
0.30618602437075665,0.8529364835656456,0.43727014319592833,0.9025484994111456,0.9025484994111456,0.975060640984311,0.7943426400662421,0.8225519824097942,0.8529364835656456,0.975060640984311
UT,MI,AR,AL,VA,MO,SC,OK,SD,ID
0.0,0.0,0.0,0.0,0.3376480998242297,0.0,0.0,0.0,0.90502161170457,1.0
0.8740850290998459,0.9700644518320958,0.9276766056305408,0.9700644518320958,0.8268190415930847,0.861740277187585,0.9695799943744883,0.9695799943744883,0.773906576952491,0.6231107656819271
TN,MD,OK,MS,OR,NM,PA,HI,AR,MI
1.0,0.0,0.0,0.0,0.0,0.011019950869792072,1.0,0.5217422535534189,0.0,0.0
0.5302030779591014,0.8473365770282096,0.9620915484734672,0.9234026991875078,0.8541375345096314,0.8214142772368556,0.5926298880105431,0.762548028621825,0.9620915484734672,0.8541375345096314
MD,MI,IA,ME,NJ,IL,CO,WA,MA,UT
0.0,0.0,1.0,0.0,0.0,0.0,0.0,0.013173805135128003,0.0,0.0
0.9513721162363997,0.8387892751472472,0.041853960431353,0.8387892751472472,0.8263032126274601,0.7289421525955236,0.9135799176723263,0.6352898355697201,0.9513721162363997,0.8214875776859287
NJ,OH,MS,OK,SD,ID,MI,MD,IL,KY
0.0,0.0,0.0,0.0,0.0,0.0,0.0,0.0,1.0,0.0
0.8148286905042106,0.8153242772152434,0.8709986075796844,0.9361328294556867,0.8459511873784917,0.7226378119471476,0.8459511873784917,0.9000053385068509,0.002861467620237527,0.9361328294556867
AL,ND,SD,GA,NC,NE,KS,WI,KY,AR
1.0,0.7032286574432305,1.0,1.0,1.0,0.7032286574432305,0.0,0.0,0.0,0.0
0.7739166362965907,0.8755110359645635,0.7991812916212299,0.8519681438651546,0.8312584566550864,0.8755110359645635,0.9500873993558773,0.9765806090910727,0.9765806090910727,0.9479542722583356
IL,MI,DC,CO,MD,WI,UT,AR,TX,OR
0.0,0.0,0.0,0.0,1.0,0.0,0.0,0.0,0.0,0.22803652252468992
0.9069861690032446,0.8317065237211269,0.8317065237211269,0.9734225612427283,0.3883519439115138,0.9734225612427283,0.773718487931561,0.878059056055902,0.8832211341135143,0.7355080111627006
WV,AK,NY,TN,KY,WI,NC,IN,ID,ND
0.5936641904846418,1.0,1.0,0.0,0.0,0.0,0.0,0.0,0.0,0.0
0.784783234302026,0.7224632345024714,0.5888093234864957,0.9429393039664498,0.969435022896787,0.9745301320937646,0.9294937219470745,0.9745301320937646,0.9373871916727449,0.9373871916727449
AL,WY,FL,HI,WV,KY,RI,WA,AZ,NM
0.0,0.0,0.0,0.0,0.0,0.0,0.0,1.0,0.0,0.0
0.9630107083039495,0.8732478585433877,0.8433444551124059,0.9153974110297517,0.8761457221317263,0.9052099311580278,0.9630107083039495,0.44943125309838877,0.9052099311580278,0.9153974110297517
CT,KY,DC,NH,TX,NE,WY,MO,WV,OR
0.0,0.0,0.0,1.0,0.8277427290849215,1.0,0.0,0.0,0.07852125665369564,0.2872595667546928
0.873107985044592,0.9604462075904843,0.9432156975640557,0.6121961914122513,0.7746045302191289,0.7107642968736612,0.9432156975640557,0.9604462075904843,0.8463664976001752,0.8266460442332075
AZ,NM,IA,NH,OR,MA,UT,MN,TX,IN
0.0,0.0,1.0,1.0,0.06803168485524658,0.0,0.0,0.0,0.0,0.0
0.8835487361007691,0.9279194557219411,0.022747367620581407,0.13202529510684796,0.615298233003691,0.96267405147553,0.9279194557219411,0.9583891761270257,0.8578795148933311,0.96267405147553
HI,MD,MT,NH,MA,VA,IN,WA,IL,KY
0.0,0.0,0.0,1.0,0.0,0.0,0.0,1.0,0.0,0.0
0.9414403411663524,0.9381317103144438,0.9414403411663524,0.6195371184384703,0.9564611015790601,0.8650780804067585,0.9381317103144438,0.4060340975008897,0.917444457752935,0.9564611015790601
CO,MT,MA,DC,WY,AL,GA,VA,NM,WI
0.0,0.09993902296423468,0.0,0.0,0.0,0.9093849038087289,0.4883521468237141,1.0,0.0,0.0
0.9862674195303229,0.8732160106466247,0.9862674195303229,0.8840881965711215,0.9307982070354893,0.8101418949994005,0.8429524760229723,0.6840649905468973,0.9307982070354893,0.9546968960147254
WI,MS,VT,MN,PA,OH,KS,MT,IA,NM
0.0,0.0,0.0,0.0,1.0,0.0,0.0,0.0,1.0,0.0
0.9595957740306017,0.9010367855619663,0.9260814527863087,0.94282188190477,0.47374533584125617,0.94282188190477,0.9595957740306017,0.9260814527863087,0.21976029423726234,0.8853135436406059
VT,KS,CA,AZ,IN,ME,MN,WA,SC,MA
0.0,0.0,1.0,0.0,0.0,0.0,0.0,0.0,0.4216714415889158,0.0
0.9030490524526846,0.9533932568162867,0.39721033094473773,0.9410462649739579,0.9570839951302362,0.9030490524526846,0.9533932568162867,0.7917584932903203,0.7104030455165178,0.9570839951302362
RI,NJ,ME,SC,DC,MS,OK,FL,NM,AR
0.0,1.0,1.0,0.014021474430380987,0.7312259449112437,0.0,0.0,1.0,0.0,0.0
0.9290719202627893,0.7364523105103071,0.7403059907950678,0.8996301340321441,0.853058906198979,0.937526393055637,0.9675817840177426,0.7511387328615567,0.9155138675559797,0.9675817840177426
MN,OR,NM,MT,TX,DE,NY,OH,LA,OK
0.0,0.0,0.0,0.0,0.0,0.0,1.0,0.0,0.29386395518223446,0.0
0.9615963463420644,0.8744242096815936,0.9385475717118804,0.8114413905364345,0.8929496631295947,0.9385475717118804,0.4797071980014356,0.9119978664060611,0.7665718316080505,0.9615963463420644
TN,OR,NH,AZ,AL,IL,WA,RI,ID,OH
0.0,0.0,0.0,0.0,0.0,0.0,1.0,0.0,1.0,0.0
0.9597769202383245,0.8639921432801116,0.9545877202525338,0.8274569610312733,0.9597769202383245,0.9031067090837451,0.4955755050310456,0.9545877202525338,0.5966914391774667,0.8977434304677222
HI,RI,IA,MA,TX,DC,TN,MI,MO,OR
0.8862873403613816,0.0,1.0,0.0,0.0,0.0,1.0,0.0,0.0,0.7740617976710955
0.6907756256062749,0.8292638184071295,0.480634400802892,0.9690540709377987,0.8303588708053287,0.8292638184071295,0.6655928895876893,0.9690540709377987,0.9383559432064349,0.7049537020116654
KY,NM,ME,DC,TN,NH,RI,AK,UT,MO
0.0,0.18768242793398443,1.0,1.0,0.0,0.3167294519614303,0.3167294519614303,1.0,1.0,0.0
0.9800723787510984,0.8857573054404556,0.729634539766168,0.8131428357942577,0.9794114140490957,0.8771702197370792,0.8771702197370792,0.7832839329142156,0.8244687180508227,0.9800723787510984
OK,MN,GA,DE,KS,AR,CO,VA,ME,ID
0.0,1.0,0.0,0.46631609569147586,0.0,0.17348539700525195,0.0,1.0,0.0,0.0
0.975420644553549,0.8273845994210162,0.9815208827998593,0.8654526922981107,0.975420644553549,0.8852937348581553,0.9815208827998593,0.7262961126210518,0.9739136286151923,0.9739136286151923
WI,NY,OK,NH,WY,IL,IA,KS,AK,VA
0.0,0.8067347592037617,0.0,0.0,0.0,1.0,1.0,0.0,0.8650411283357892,0.3333088539979131
0.9699587582121577,0.6862570016427804,0.979748625302198,0.8136594337142784,0.826306956482034,0.5455215946295242,0.45539054928952033,0.979748625302198,0.6785387172558976,0.7503382625526772
AZ,HI,NC,ND,IN,LA,KY,IA,TN,OK
0.0,0.0,0.0,1.0,0.0,0.08889683720614289,0.0,1.0,0.0,0.0
0.9671279485628556,0.8545595759872974,0.9671279485628556,0.5056994237479334,0.9347926961381456,0.7180498127474076,0.9849972352828088,0.29273332145366543,0.8081737967829429,0.9849972352828088
CA,VT,NH,CT,SC,OR,MO,WY,AZ,TN
1.0,0.0,1.0,0.31653549527934366,0.0,1.0,0.0,0.0,0.0,0.0
0.6415000770400694,0.9228998407963424,0.6848565462060902,0.7832810292934257,0.8671190477946393,0.5229208563190166,0.9467710332910785,0.9228998407963424,0.8697845770407956,0.9467710332910785
CA,MO,TN,VT,MA,RI,IA,DE,WV,VA
0.0,0.0,0.0,0.0,0.0,0.0,1.0,0.0,0.0,0.0
0.7597667482301694,0.8343422164909609,0.9148611122860946,0.9097634867108467,0.9148611122860946,0.9561981240152799,0.10670273287158857,0.9561981240152799,0.9242107940585107,0.86373275686839
UT,FL,TN,ME,RI,MI,CT,SC,IL,MA
0.0,1.0,0.0,0.0,0.0,0.0,0.0,0.0,1.0,0.0
0.8843816004191923,0.524430671282388,0.9141636635626998,0.7832991164517895,0.8590136726583751,0.8750545770981247,0.9277613577710828,0.9350780042087142,0.405598219484625,0.9350780042087142
NY,NE,LA,KY,TX,WI,NM,NH,VA,IA
1.0,0.0,0.24793077975949152,0.0,0.0,0.0,0.0,0.3212375928997896,0.0,1.0
0.1280826511465119,0.7345060684591627,0.6186981105136351,0.9774920616917712,0.7878230613200993,0.9774920616917712,0.8613305242892998,0.6029043993102423,0.9267256845153283,0.305847721405956
MD,CT,DC,GA,OH,AL,CO,LA,WY,WA
1.0,0.0,0.0,0.0,0.0,0.0,0.0,0.0,0.0,0.6293729786697839
0.6520646419818195,0.9251004891994801,0.9540367665216298,0.9465293538281965,0.9525022258383499,0.9681612381492747,0.9681612381492747,0.9661501884886221,0.9540367665216298,0.8147946323179586
ID,MO,NE,PA,CO,AZ,DE,ND,HI,FL
0.2854504319180886,0.0,0.4075459364381906,1.0,0.0,1.0,0.0,0.2854504319180886,0.0,1.0
0.908550572127828,0.953853366700906,0.902338372891962,0.8456275940304809,0.953853366700906,0.7952169715796464,0.9440193245886407,0.908550572127828,0.9440193245886407,0.8652117318924338
DC,VA,SD,CT,NH,UT,MS,CA,NJ,NM
0.0,1.0,0.0,0.0,0.016329244768423623,0.0,0.0,0.0,0.0,0.0
0.9025158186523884,0.17258947789082257,0.9025158186523884,0.8919381187616406,0.6844374544556938,0.803503627135568,0.863817934830044,0.7135700994549163,0.800146343063304,0.8919381187616406
OK,AZ,VA,MA,MI,AK,AR,DC,SC,MT
0.0,0.8882198760175567,0.04776381919858741,0.0,1.0,0.0,0.0,0.0,0.0,0.0
0.9774197547873421,0.8455709114698893,0.8992260971339184,0.9235496040778153,0.7408273447824687,0.9378202708700573,0.9188139406956841,0.9581579171812696,0.9774197547873421,0.9581579171812696
CT,IA,WY,TX,SC,AR,RI,MS,DE,MN
0.0,1.0,0.0,0.0,0.0,0.0,0.0,0.0,0.0,0.0
0.8972207937880923,0.3160312614710245,0.9454205268301971,0.8416585439201737,0.9507979091671426,0.9350192262277325,0.9379635880531023,0.9323236677172313,0.9454205268301971,0.9507979091671426
HI,WI,LA,MD,MI,NC,SD,IN,PA,ME
0.0,0.0,0.0,1.0,0.0,0.0,0.0,0.0,0.0,0.9946410394389736
0.8953733930499084,0.9411173299214333,0.8201021808450709,0.2488974131412719,0.887386040293318,0.9522200634904592,0.8953733930499084,0.9522200634904592,0.9304891111230227,0.5334157253155449
GA,MN,IL,VA,LA,AZ,IN,NY,SC,DC
0.0,0.0,0.0,0.0,0.0,0.5073379964651549,0.0,0.6458986096791901,0.0,1.0
0.9769209223006021,0.9599739132089314,0.9731287253698112,0.9769209223006021,0.9176070063575913,0.8030827099247616,0.9338941360312063,0.7895154220209948,0.9338941360312063,0.6076051095489158
CA,IN,WV,AZ,KY,DE,MD,SC,ID,NJ
1.0,0.0,0.0,0.0,0.0,0.0,0.0,0.0,0.565123908455967,1.0
0.08243775151915413,0.9379550246442719,0.9306690755675695,0.943675456807188,0.9575529872846877,0.9306690755675695,0.9575529872846877,0.9094977741529042,0.5262853433312482,0.37383683003226975
DE,WI,AL,MN,OR,VT,NE,WV,IN,MO
0.32942164788446937,0.0,0.0,0.0,0.486356570948495,0.0,1.0,0.0,0.0,0.09802650434987131
0.8894744143735995,0.9688738258689847,0.9740963347882887,0.9695100526751507,0.8800201331011293,0.9331071469145331,0.7583921117272691,0.9331071469145331,0.9740963347882887,0.9031543099123398
OH,AK,WY,WV,AZ,UT,MO,DE,TN,MI
0.0,0.7841814813464435,0.0,0.5921073866938746,1.0,0.5372288873303727,0.0,0.0,0.9780568434459591,0.0
0.9666255111793657,0.9024967294069991,0.9541737869619134,0.9106242064269892,0.8291128385706816,0.9129661182397856,0.9496906823690355,0.9541737869619134,0.8945132483752379,0.9666255111793657
WY,CT,KS,NC,IA,CA,AZ,MI,OH,PA
0.33073991137196757,0.0,0.0,0.0,1.0,0.0,0.18383607800299312,0.0,0.0,0.0
0.7065827474026236,0.9167687320012736,0.9229503368455938,0.8259521488889259,0.3590510922164943,0.7894275016348767,0.7297689458832483,0.9412107881829854,0.9412107881829854,0.8374073532540423
MT,WI,MO,IL,RI,NH,DE,ME,AL,OH
0.0,0.0,0.0,1.0,0.28194953715858523,0.0,0.0,1.0,0.0,0.0
0.9641699762908164,0.979325916862023,0.8908970665997509,0.7445272612297225,0.8433603724776,0.8961481460449994,0.9641699762908164,0.6485555272560961,0.979325916862023,0.9247248509724767
KS,ND,DC,MT,WV,MN,WA,CT,OR,LA
0.0,1.0,0.0,0.0,0.0,0.0,1.0,0.22663132221574273,0.0,1.0
0.935835079090576,0.5830724826478874,0.9068870610864099,0.9068870610864099,0.8858532902757817,0.935835079090576,0.5610629544775934,0.8103439596954395,0.8409038284122955,0.667046800336583
CA,ID,NC,WA,ME,HI,TX,VA,WV,KY
0.0,1.0,0.4284133943140468,0.9688342481738057,1.0,0.7737009413126457,0.0,1.0,0.7737009413126457,0.4284133943140468
0.9826965018149255,0.8938994147081791,0.925797993368177,0.9053283697136919,0.8938994147081791,0.912578568181757,0.9826965018149255,0.8460893683052472,0.912578568181757,0.925797993368177
MA,NE,AK,LA,MT,NY,CO,KY,AL,UT
0.0,1.0,0.0,0.0,0.0,0.3358786654088708,0.0,0.0,0.0,0.3767537739068621
0.9593405162316793,0.723789281939196,0.9461966827201335,0.9488847401233343,0.9461966827201335,0.8732022885531486,0.9826710549649605,0.9769101956386385,0.9826710549649605,0.8703943668683459
NY,VT,FL,CA,RI,HI,MS,DC,LA,NH
0.0,0.0,0.0,1.0,0.0,0.0,0.0,0.0,0.0,0.0
0.7527348141552975,0.8699028351917134,0.7328417223237611,0.026242226831610534,0.9423627197669888,0.9227810207277428,0.8870944073642538,0.9108973676658872,0.869516204920987,0.9423627197669888
WI,NC,CA,DC,DE,AL,RI,MA,MN,CO
0.0,0.0,1.0,0.0,0.0,0.0,0.0,0.0,0.0,0.0
0.9800090963860622,0.9779443873090475,0.0018657682744875007,0.8609360956110103,0.9338131986345034,0.9800090963860622,0.9338131986345034,0.9786092626758905,0.9779443873090475,0.9744448578474045
AK,MD,AR,MI,AL,ID,MN,TX,SC,NH
1.0,1.0,0.0,0.0,0.0,1.0,0.0,0.0,0.0,1.0
0.5897838506367471,0.44117172621985706,0.9298401703339706,0.9592305003308278,0.9777340983510809,0.5926506390150886,0.9777340983510809,0.8117081603768157,0.9516202060337255,0.5457934846248238
AR,FL,SD,ME,HI,OK,DC,AL,NY,OH
0.0,0.0,0.0,1.0,0.0,0.0,0.0,0.0,1.0,0.0
0.9618112196299429,0.9613434726953279,0.8420214451938273,0.4429527848216487,0.8706398419907366,0.9870419863910487,0.8296452354502635,0.9870419863910487,0.21017795850592028,0.9613434726953279
ID,WY,ME,MS,WV,TX,MN,NJ,NM,KS
0.0,1.0,0.0,0.0,0.0,1.0,0.0,1.0,0.0,0.0
0.9624518338851444,0.7326187013652944,0.9624518338851444,0.9400284371846604,0.9309943215690275,0.8334148113045334,0.9062128578286556,0.8053157040020695,0.918585729092588,0.9400284371846604
AR,AZ,MN,VT,NM,WY,OK,KS,CA,UT
0.0,0.0,0.0,1.0,0.5919462414420766,1.0,0.0,0.0,1.0,0.0
0.9638108135655971,0.948510691903796,0.9718941397273888,0.8322914266768601,0.8662260193516587,0.8275503860917904,0.9792366218692786,0.9792366218692786,0.7442035231500496,0.9257948685690855
DC,VA,MA,MS,NY,NM,AR,WY,TX,KY
0.0,0.9695442467874037,0.0,0.0,1.0,0.0,0.0,0.0,0.8815864815119439,0.0
0.9389813863717239,0.777234126666929,0.933691835349573,0.9684015732655262,0.6379414819315629,0.9227477713324378,0.9034159817713138,0.9389813863717239,0.7848446669996973,0.9684015732655262
UT,WA,IL,NC,VA,DE,MD,ID,AK,PA
1.0,0.0,0.0,0.0,0.0,0.0,0.0,1.0,0.0,0.0
0.6419193974485342,0.8527286435820601,0.9417870016089667,0.9417870016089667,0.8394882766898366,0.9415088627357635,0.8182990618904822,0.5128651891764121,0.9415088627357635,0.8999624147375541
NY,OK,FL,KY,NJ,OH,IN,ND,IA,DC
0.7699173577381438,0.0,0.0,0.0,0.03214563773676704,0.0,0.0,0.9387460606132141,1.0,0.8345559990854249
0.6684466441898255,0.9552171617093871,0.9154234291028305,0.9842004188158944,0.7748273827653306,0.9353264857649255,0.9842004188158944,0.6445406827371544,0.41532469337958244,0.6592117616778119
CA,RI,AZ,NC,MD,MT,AL,AR,NJ,CO
0.377141985687923,0.0,0.0,0.0,0.0,0.0,0.0,0.0,1.0,0.0
0.781952713003871,0.9544751371843069,0.9382675065410433,0.9797321787925266,0.8355808461154198,0.9544751371843069,0.9655386393776767,0.8836471153020635,0.5354014423472017,0.9797321787925266
MD,OK,WV,ME,WA,VT,MA,NM,AZ,MT
0.0,0.0,0.0,1.0,0.3127349466497041,0.0,0.0,0.0,1.0,1.0
0.9116918045491491,0.9555411369741854,0.9104245709431807,0.6912558361638037,0.8600400733934731,0.9104245709431807,0.9555411369741854,0.9470293945131218,0.729758992357002,0.7646236719401264
IL,MO,OK,SD,DE,MA,OH,GA,CA,FL
1.0,0.0,0.0,1.0,1.0,0.0,0.0,0.0,0.0,0.0
0.8523265168987655,0.9666336411690759,0.9666336411690759,0.8119425931195244,0.8590718431212742,0.9454707103081597,0.9744614272240378,0.9744614272240378,0.9471621848939525,0.9471621848939525
NH,DC,IN,CA,KS,MT,PA,NM,AZ,VA
1.0,0.0,0.0,1.0,0.0,0.0,0.0,0.0,0.0,0.0
0.6257697094045345,0.9170111981330827,0.959880320425435,0.6823374288084468,0.959880320425435,0.9170111981330827,0.8862648683287109,0.9290314334651124,0.9508076513889663,0.9204220520062074
DE,FL,CA,MA,ME,NY,MO,MI,MD,AR
0.051883335929519436,0.0,0.0,0.0,1.0,0.0,0.0,0.0,0.9074241621597797,0.0
0.8310181463744604,0.8929253606941865,0.9069723452066527,0.969888544510491,0.5665004912213992,0.9069723452066527,0.9222240809793018,0.969888544510491,0.7396965149669998,0.9187050476378329
MD,LA,PA,NY,GA,CO,MS,RI,VA,WI
0.0,0.0,0.9965837108461015,1.0,0.0,0.0,0.0,0.0,0.0,0.0
0.9660879166519827,0.8823976972814005,0.6399046249365029,0.4207483156523498,0.9835478160862652,0.9835478160862652,0.915573417311908,0.885597594619147,0.9336492426414563,0.9643055256872387
OH,IL,AZ,FL,NM,DE,TN,IA,NH,AR
0.0,0.0,0.0,0.0,0.0,0.0,0.0,1.0,0.0,0.0
0.9288659092765238,0.7532138875072825,0.8631363282336495,0.9288659092765238,0.9402133595860767,0.9332560102315428,0.8962252892250205,0.23409570039657857,0.73949172317508,0.9402133595860767
TN,NJ,MD,NY,CO,UT,NH,VA,DC,SD
0.0,0.0,0.1620558458011977,1.0,0.0,0.0,1.0,0.0,0.0,0.0
0.9538922850630639,0.9416257283710032,0.8680749057015517,0.6831077174993903,0.9538922850630639,0.907294765314546,0.7418559457248309,0.9416257283710032,0.9065343209440154,0.9069144634255657
TX,MT,AZ,OH,NM,CT,MS,UT,SD,ME
1.0,0.3656331208882662,0.0,0.0,0.0,1.0,0.552909547480239,0.30277774129662155,0.0,1.0
0.8353411879498425,0.8928032370338975,0.9248970105484713,0.9248970105484713,0.9225852325172837,0.8550475863579453,0.8820560525335349,0.896389439919918,0.9225852325172837,0.770190252077161
IN,DE,CT,WA,MO,MN,TN,WV,HI,MI
0.0,0.0,1.0,1.0,0.0,0.0,0.0,0.0,0.0,0.0
0.9819146373480461,0.94569131654491,0.6983865143685152,0.5170649850713875,0.9819146373480461,0.973683352429302,0.973683352429302,0.9397496898582486,0.94569131654491,0.956150281805047
NJ,SD,TX,AL,MA,VA,MT,CO,MI,PA
1.0,0.0,0.0,0.0,0.0,1.0,0.0,0.0,0.0,0.0
0.8137745191832381,0.9343075871919977,0.9406180545710537,0.9577541248582814,0.9803456262433667,0.8283664474285434,0.9343075871919977,0.9803456262433667,0.9497701220114906,0.9535713896245941
ME,IA,KY,HI,UT,CO,VT,NH,MI,DC
0.0,1.0,0.0,0.0,0.0,0.0,0.0,0.0,0.0,0.0
0.7657577762110611,0.14874722871799168,0.9626474807474132,0.9358377443459978,0.9433826846317639,0.9626474807474132,0.8634363387484214,0.7497807029191592,0.9418848734923871,0.881635842520942
AK,FL,VA,CT,OR,VT,SC,TX,OK,MO
0.0,1.0,0.15493795912988317,0.0,0.0,0.0,0.0,0.5455244723872011,0.0,0.18478954031771094
0.8290614726165345,0.33362965754068136,0.7237359346970168,0.8517198579610841,0.9321392463903951,0.8230225660976381,0.8767322175779025,0.6592320987478745,0.9321392463903951,0.7188960444666829
TN,GA,MA,IA,NM,LA,HI,TX,NH,ID
0.0,0.0,0.0,1.0,0.0,0.0,0.0,0.0,0.0,1.0
0.9665734968202222,0.9261599956491763,0.9665734968202222,0.31546369954685977,0.9668879637922232,0.903920281170797,0.9668879637922232,0.8939729080643543,0.7996211698753227,0.5418134251463024
LA,ME,MT,OH,GA,OK,VA,CO,MA,WV
0.2894632907404229,1.0,0.013972998214468013,0.0,0.0,0.0,0.0,0.0,0.7003830411852402,0.0
0.8508931641383313,0.6668445780693483,0.8731244372907229,0.9745694798472041,0.9745694798472041,0.9613298667212331,0.9729529127951522,0.9690847943792218,0.8167882370906674,0.8822633907451293
DE,TN,UT,VT,WY,NH,PA,MA,ID,TX
0.0,0.0,0.0,0.0,0.0,0.0,1.0,0.0,0.0,0.0
0.9356285200318921,0.9581305928537799,0.9356285200318921,0.9129508775494096,0.9169951221508172,0.8364078266625856,0.12002935986569982,0.9581305928537799,0.7486881197209464,0.7931976437870931
VA,CT,NJ,ME,IA,NY,AL,CA,AZ,ID
0.0,0.0,0.0,0.0,1.0,0.0,0.0,0.0,0.0,0.0
0.805868003515663,0.9430982191026064,0.7064275348973089,0.9366073293537575,0.03245376408198551,0.6932011053999546,0.9808519104581079,0.7784202517452559,0.9808519104581079,0.9366073293537575
MO,SD,MT,AK,KS,NH,NM,PA,DE,UT
0.0,0.0,0.44823420832029576,0.3539065190444137,0.0,1.0,0.0,0.0,0.0,0.0
0.9512897028637022,0.9057084785527012,0.8685478369491667,0.8748956057769778,0.9580908865059863,0.7301117437725096,0.9239640747500375,0.9103357597375663,0.9457869290701012,0.9580908865059863
MS,GA,AR,MN,MA,AZ,HI,DC,OH,MI
0.0,1.0,0.0,0.0,0.0,0.0,0.0,0.0,0.0,0.0
0.9142778637677635,0.03676227407367324,0.9333730732590146,0.9701664163137084,0.9851907978631097,0.9531263740536731,0.9270751727014368,0.7698917055916629,0.9851907978631097,0.9248571693874266
IA,DC,NY,NH,ID,OK,LA,SC,WY,AZ
1.0,0.0,0.0,0.0,0.0,0.0,0.0,0.0,0.0,0.0
0.22580485347898244,0.9535004902404081,0.866621671639626,0.7639948710369433,0.7716193286639419,0.9773874789928579,0.8242808119069578,0.9773874789928579,0.9535004902404081,0.866621671639626
LA,AZ,KS,ME,DE,VA,WI,HI,NJ,MO
0.0,0.0,0.0,0.307366561736129,0.0,0.506380205194343,0.0,0.0,1.0,0.0
0.7604794807913015,0.8001109124236364,0.9637039230670787,0.5718295816795111,0.9091520788575217,0.5248387004140292,0.9803318212403539,0.888560615919714,0.052699376755278186,0.9803318212403539
IL,VA,NH,FL,SC,WI,ME,AR,NY,CO
0.0,0.0,0.3934253515982523,0.0,0.0,0.0,1.0,0.0,1.0,0.0
0.7869967183723651,0.8531907250868386,0.7166571113827384,0.8283840188530854,0.9641088815410773,0.9641088815410773,0.6011161670584216,0.9473338487583238,0.40144920758150915,0.9131758510145702
LA,NC,ND,FL,KY,IL,ID,UT,PA,ME
0.8620487111646216,0.0,0.8429964355722732,0.6184375008972728,0.0,1.0,0.0,0.0,0.0,0.0
0.9082950777440566,0.9763604611028893,0.9090134385078608,0.9176223436997522,0.9595043209602944,0.8444456675878234,0.9730399323679044,0.9595043209602944,0.9763604611028893,0.9730399323679044
MA,NC,WA,VA,MT,PA,WV,AZ,ME,NH
0.0,0.0,1.0,1.0,0.0772389850151397,0.0,0.0772389850151397,0.28027922253636106,1.0,1.0
0.9768533980825861,0.9768533980825861,0.6418233232630295,0.7470063456212841,0.8531124860056944,0.9439221943269702,0.8531124860056944,0.8347695620444472,0.6289372391711572,0.6635228321734098
